DrawDate,1,2,3,4,5,PB,PP*
Monday 9/29/2025,1,3,27,60,65,16,5
Monday 9/29/2025 - Double Play,2,9,12,18,65,26,
Saturday 9/27/2025,10,16,32,61,66,4,2
Saturday 9/27/2025 - Double Play,5,21,22,49,68,25,
Wednesday 9/24/2025,15,31,45,49,53,19,3
Wednesday 9/24/2025 - Double Play,10,21,23,30,56,25,
Monday 9/22/2025,3,29,42,46,59,15,3
Monday 9/22/2025 - Double Play,32,49,50,56,63,19,
Saturday 9/20/2025,15,29,64,66,67,4,2
Saturday 9/20/2025 - Double Play,2,22,34,57,66,25,
Wednesday 9/17/2025,7,30,50,54,62,20,2
Wednesday 9/17/2025 - Double Play,8,19,47,51,58,21,
Monday 9/15/2025,14,15,32,42,49,1,2
Monday 9/15/2025 - Double Play,7,19,42,53,56,4,
Saturday 9/13/2025,28,37,42,50,53,19,2
Saturday 9/13/2025 - Double Play,3,6,20,34,49,12,
Wednesday 9/10/2025,2,24,45,53,64,5,2
Wednesday 9/10/2025 - Double Play,2,12,27,31,60,10,
Monday 9/8/2025,26,28,41,53,64,9,3
Monday 9/8/2025 - Double Play,7,18,19,22,68,13,
Saturday 9/6/2025,11,23,44,61,62,17,2
Saturday 9/6/2025 - Double Play,21,29,34,41,65,17,
Wednesday 9/3/2025,3,16,29,61,69,22,2
Wednesday 9/3/2025 - Double Play,7,32,39,50,61,4,
Monday 9/1/2025,8,23,25,40,53,5,3
Monday 9/1/2025 - Double Play,1,15,26,48,67,19,
Saturday 8/30/2025,3,18,22,27,33,17,3
Saturday 8/30/2025 - Double Play,7,15,36,42,65,14,
Wednesday 8/27/2025,9,12,22,41,61,25,4
Wednesday 8/27/2025 - Double Play,12,19,26,51,62,18,
Monday 8/25/2025,16,19,34,37,64,22,3
Monday 8/25/2025 - Double Play,15,16,23,52,66,25,
Saturday 8/23/2025,11,14,34,47,51,18,2
Saturday 8/23/2025 - Double Play,9,23,24,33,44,19,
Wednesday 8/20/2025,31,59,62,65,68,5,2
Wednesday 8/20/2025 - Double Play,16,17,23,46,52,3,
Monday 8/18/2025,15,46,61,63,64,1,3
Monday 8/18/2025 - Double Play,6,28,38,48,55,23,
Saturday 8/16/2025,23,40,49,65,69,23,3
Saturday 8/16/2025 - Double Play,31,34,43,44,55,2,
Wednesday 8/13/2025,4,11,40,44,50,4,3
Wednesday 8/13/2025 - Double Play,29,33,41,50,54,23,
Monday 8/11/2025,6,16,33,40,62,2,2
Monday 8/11/2025 - Double Play,9,10,17,29,65,5,
Saturday 8/9/2025,7,14,23,24,60,14,2
Saturday 8/9/2025 - Double Play,5,22,26,29,40,6,
Wednesday 8/6/2025,15,27,43,45,53,9,2
Wednesday 8/6/2025 - Double Play,9,19,21,33,46,23,
Monday 8/4/2025,8,9,19,31,38,21,2
Monday 8/4/2025 - Double Play,7,18,41,42,62,3,
Saturday 8/2/2025,6,18,34,35,36,2,2
Saturday 8/2/2025 - Double Play,10,20,36,58,59,5,
Wednesday 7/30/2025,4,15,35,50,64,8,4
Wednesday 7/30/2025 - Double Play,13,32,65,66,68,7,
Monday 7/28/2025,7,35,36,43,62,3,3
Monday 7/28/2025 - Double Play,11,25,40,50,65,21,
Saturday 7/26/2025,8,31,57,65,67,23,3
Saturday 7/26/2025 - Double Play,11,16,21,29,41,1,
Wednesday 7/23/2025,2,18,19,25,35,25,3
Wednesday 7/23/2025 - Double Play,4,21,35,60,69,23,
Monday 7/21/2025,8,11,28,33,42,2,2
Monday 7/21/2025 - Double Play,2,41,56,59,66,6,
Saturday 7/19/2025,28,48,51,61,69,20,3
Saturday 7/19/2025 - Double Play,6,29,38,43,67,16,
Wednesday 7/16/2025,4,21,43,48,49,22,2
Wednesday 7/16/2025 - Double Play,8,23,42,56,68,10,
Monday 7/14/2025,8,12,45,46,63,24,2
Monday 7/14/2025 - Double Play,9,14,38,39,41,25,
Saturday 7/12/2025,8,16,24,33,54,18,2
Saturday 7/12/2025 - Double Play,5,8,35,62,63,8,
Wednesday 7/9/2025,5,9,25,28,69,5,2
Wednesday 7/9/2025 - Double Play,24,40,51,52,61,17,
Monday 7/7/2025,33,35,58,61,69,25,5
Monday 7/7/2025 - Double Play,14,17,49,52,68,7,
Saturday 7/5/2025,1,28,34,50,58,8,2
Saturday 7/5/2025 - Double Play,15,20,61,63,69,1,
Wednesday 7/2/2025,7,19,21,54,63,21,2
Wednesday 7/2/2025 - Double Play,10,18,21,37,40,10,
Monday 6/30/2025,13,28,44,52,55,6,4
Monday 6/30/2025 - Double Play,4,9,41,42,61,26,
Saturday 6/28/2025,4,35,43,52,62,12,2
Saturday 6/28/2025 - Double Play,8,15,22,34,62,22,
Wednesday 6/25/2025,2,12,37,51,61,22,3
Wednesday 6/25/2025 - Double Play,1,11,49,57,61,25,
Monday 6/23/2025,5,25,42,44,65,20,3
Monday 6/23/2025 - Double Play,4,7,12,20,55,12,
Saturday 6/21/2025,3,16,32,52,62,24,3
Saturday 6/21/2025 - Double Play,1,26,29,44,52,26,
Wednesday 6/18/2025,23,29,50,64,67,11,2
Wednesday 6/18/2025 - Double Play,13,15,17,36,66,10,
Monday 6/16/2025,17,21,23,27,52,19,5
Monday 6/16/2025 - Double Play,32,42,52,55,56,18,
Saturday 6/14/2025,4,6,9,23,59,25,3
Saturday 6/14/2025 - Double Play,19,20,39,47,55,15,
Wednesday 6/11/2025,13,25,29,37,53,3,2
Wednesday 6/11/2025 - Double Play,4,29,37,48,56,6,
Monday 6/9/2025,30,33,40,43,52,25,4
Monday 6/9/2025 - Double Play,1,7,24,50,59,11,
Saturday 6/7/2025,31,36,43,48,62,25,2
Saturday 6/7/2025 - Double Play,6,7,16,22,28,17,
Wednesday 6/4/2025,5,17,23,35,45,24,10
Wednesday 6/4/2025 - Double Play,13,33,35,36,56,2,
Monday 6/2/2025,1,7,44,57,61,21,3
Monday 6/2/2025 - Double Play,4,25,43,44,63,4,
Saturday 5/31/2025,1,29,37,56,68,13,2
Saturday 5/31/2025 - Double Play,34,44,61,64,68,19,
Wednesday 5/28/2025,23,27,32,35,59,11,2
Wednesday 5/28/2025 - Double Play,14,30,41,48,69,12,
Monday 5/26/2025,13,47,52,64,67,25,2
Monday 5/26/2025 - Double Play,7,13,27,29,67,8,
Saturday 5/24/2025,12,18,28,48,52,5,3
Saturday 5/24/2025 - Double Play,25,29,50,64,65,3,
Wednesday 5/21/2025,9,29,31,34,43,2,2
Wednesday 5/21/2025 - Double Play,4,9,21,37,56,2,
Monday 5/19/2025,13,14,37,50,60,11,2
Monday 5/19/2025 - Double Play,11,12,27,30,35,7,
Saturday 5/17/2025,7,34,40,42,52,15,2
Saturday 5/17/2025 - Double Play,14,18,31,34,37,17,
Wednesday 5/14/2025,4,10,24,29,53,4,3
Wednesday 5/14/2025 - Double Play,2,44,55,56,67,5,
Monday 5/12/2025,15,16,41,48,60,21,3
Monday 5/12/2025 - Double Play,23,45,53,54,57,18,
Saturday 5/10/2025,5,20,28,39,42,13,2
Saturday 5/10/2025 - Double Play,24,36,43,47,69,22,
Wednesday 5/7/2025,14,15,30,40,59,20,3
Wednesday 5/7/2025 - Double Play,9,31,32,50,57,14,
Monday 5/5/2025,16,34,40,45,66,19,2
Monday 5/5/2025 - Double Play,21,26,28,62,63,1,
Saturday 5/3/2025,10,21,23,35,65,24,2
Saturday 5/3/2025 - Double Play,14,23,33,38,60,3,
Wednesday 4/30/2025,1,2,3,57,59,9,2
Wednesday 4/30/2025 - Double Play,1,34,38,60,65,9,
Monday 4/28/2025,26,43,51,56,60,24,4
Monday 4/28/2025 - Double Play,11,13,39,48,61,3,
Saturday 4/26/2025,1,12,14,18,69,2,3
Saturday 4/26/2025 - Double Play,12,20,26,38,40,5,
Wednesday 4/23/2025,15,44,63,66,69,20,2
Wednesday 4/23/2025 - Double Play,37,42,49,54,66,26,
Monday 4/21/2025,4,33,45,46,51,25,3
Monday 4/21/2025 - Double Play,18,23,34,35,67,13,
Saturday 4/19/2025,7,25,37,39,63,1,3
Saturday 4/19/2025 - Double Play,2,3,21,55,63,12,
Wednesday 4/16/2025,20,24,42,43,49,19,3
Wednesday 4/16/2025 - Double Play,7,36,40,47,59,9,
Monday 4/14/2025,3,20,30,52,62,1,3
Monday 4/14/2025 - Double Play,9,18,41,42,63,4,
Saturday 4/12/2025,16,22,44,45,53,19,2
Saturday 4/12/2025 - Double Play,5,10,46,49,60,16,
Wednesday 4/9/2025,4,29,37,55,67,10,4
Wednesday 4/9/2025 - Double Play,2,15,44,60,68,23,
Monday 4/7/2025,20,23,48,59,66,4,2
Monday 4/7/2025 - Double Play,2,31,36,51,58,15,
Saturday 4/5/2025,4,23,30,46,62,2,4
Saturday 4/5/2025 - Double Play,10,16,20,48,51,5,
Wednesday 4/2/2025,5,17,41,64,69,1,2
Wednesday 4/2/2025 - Double Play,7,18,23,31,44,24,
Monday 3/31/2025,12,41,44,52,64,25,2
Monday 3/31/2025 - Double Play,2,44,52,65,66,12,
Saturday 3/29/2025,7,11,21,53,61,2,3
Saturday 3/29/2025 - Double Play,7,11,14,26,59,10,
Wednesday 3/26/2025,5,20,29,39,53,6,3
Wednesday 3/26/2025 - Double Play,26,32,41,51,66,22,
Monday 3/24/2025,6,23,35,36,47,12,2
Monday 3/24/2025 - Double Play,2,54,59,65,68,3,
Saturday 3/22/2025,6,7,25,46,57,12,3
Saturday 3/22/2025 - Double Play,2,4,47,53,64,11,
Wednesday 3/19/2025,8,11,21,49,59,15,2
Wednesday 3/19/2025 - Double Play,7,15,36,40,56,8,
Monday 3/17/2025,11,18,23,38,60,9,2
Monday 3/17/2025 - Double Play,4,19,21,38,64,26,
Saturday 3/15/2025,12,28,33,36,54,5,3
Saturday 3/15/2025 - Double Play,35,36,47,50,58,11,
Wednesday 3/12/2025,11,13,28,51,58,1,2
Wednesday 3/12/2025 - Double Play,30,31,45,56,69,25,
Monday 3/10/2025,17,40,47,50,55,6,2
Monday 3/10/2025 - Double Play,41,42,46,48,59,3,
Saturday 3/8/2025,2,4,16,23,63,13,3
Saturday 3/8/2025 - Double Play,21,24,37,62,68,11,
Wednesday 3/5/2025,24,28,40,63,65,20,3
Wednesday 3/5/2025 - Double Play,22,36,39,45,50,14,
Monday 3/3/2025,18,20,50,52,56,20,2
Monday 3/3/2025 - Double Play,9,34,54,67,69,11,
Saturday 3/1/2025,2,23,36,44,49,25,3
Saturday 3/1/2025 - Double Play,6,19,37,66,68,6,
Wednesday 2/26/2025,28,48,55,60,62,20,2
Wednesday 2/26/2025 - Double Play,21,26,45,46,64,11,
Monday 2/24/2025,10,11,34,59,68,14,3
Monday 2/24/2025 - Double Play,22,48,61,63,66,17,
Saturday 2/22/2025,7,18,22,50,65,15,2
Saturday 2/22/2025 - Double Play,9,18,26,35,57,14,
Wednesday 2/19/2025,6,21,28,49,60,20,2
Wednesday 2/19/2025 - Double Play,15,21,34,43,60,23,
Monday 2/17/2025,4,44,47,52,57,9,4
Monday 2/17/2025 - Double Play,17,18,49,56,59,8,
Saturday 2/15/2025,3,16,45,54,56,12,2
Saturday 2/15/2025 - Double Play,12,18,43,58,61,19,
Wednesday 2/12/2025,21,32,36,45,49,18,2
Wednesday 2/12/2025 - Double Play,11,24,26,31,39,15,
Monday 2/10/2025,2,17,18,29,43,3,3
Monday 2/10/2025 - Double Play,2,21,34,38,44,19,
Saturday 2/8/2025,23,44,57,60,62,9,2
Saturday 2/8/2025 - Double Play,5,20,23,36,53,17,
Wednesday 2/5/2025,19,27,30,50,62,14,3
Wednesday 2/5/2025 - Double Play,13,24,40,41,50,4,
Monday 2/3/2025,12,37,47,54,60,17,3
Monday 2/3/2025 - Double Play,7,38,39,42,55,10,
Saturday 2/1/2025,23,29,32,49,61,8,2
Saturday 2/1/2025 - Double Play,3,15,37,49,69,16,
Wednesday 1/29/2025,8,12,31,33,38,18,3
Wednesday 1/29/2025 - Double Play,18,28,41,63,68,4,
Monday 1/27/2025,2,40,47,53,55,20,2
Monday 1/27/2025 - Double Play,1,9,34,63,67,6,
Saturday 1/25/2025,8,15,17,53,66,14,3
Saturday 1/25/2025 - Double Play,2,5,52,59,60,16,
Wednesday 1/22/2025,5,6,27,40,49,5,2
Wednesday 1/22/2025 - Double Play,1,12,39,40,52,15,
Monday 1/20/2025,15,16,32,47,54,6,3
Monday 1/20/2025 - Double Play,10,23,33,38,54,17,
Saturday 1/18/2025,14,31,35,64,69,23,2
Saturday 1/18/2025 - Double Play,7,34,40,48,57,17,
Wednesday 1/15/2025,8,41,52,53,58,7,3
Wednesday 1/15/2025 - Double Play,11,15,25,51,54,15,
Monday 1/13/2025,4,6,16,39,66,9,2
Monday 1/13/2025 - Double Play,29,30,32,37,56,18,
Saturday 1/11/2025,3,6,32,37,65,4,3
Saturday 1/11/2025 - Double Play,22,24,25,44,53,20,
Wednesday 1/8/2025,1,20,36,38,43,24,2
Wednesday 1/8/2025 - Double Play,22,29,36,61,65,17,
Monday 1/6/2025,17,34,46,66,67,14,2
Monday 1/6/2025 - Double Play,41,44,54,57,64,13,
Saturday 1/4/2025,26,32,43,54,56,24,2
Saturday 1/4/2025 - Double Play,12,25,63,65,66,14,
Wednesday 1/1/2025,6,12,28,35,66,26,3
Wednesday 1/1/2025 - Double Play,8,10,25,33,66,20,
Monday 12/30/2024,9,19,33,38,39,1,3
Monday 12/30/2024 - Double Play,15,34,52,56,57,14,
Saturday 12/28/2024,6,31,51,54,55,12,2
Saturday 12/28/2024 - Double Play,22,40,42,54,68,7,
Wednesday 12/25/2024,15,26,27,30,35,3,3
Wednesday 12/25/2024 - Double Play,8,29,30,47,57,1,
Monday 12/23/2024,22,42,44,57,64,18,2
Monday 12/23/2024 - Double Play,16,49,62,63,68,10,
Saturday 12/21/2024,1,12,17,21,58,1,3
Saturday 12/21/2024 - Double Play,29,45,46,51,59,3,
Wednesday 12/18/2024,6,15,18,33,49,7,2
Wednesday 12/18/2024 - Double Play,41,45,52,56,67,6,
Monday 12/16/2024,9,30,33,57,61,17,2
Monday 12/16/2024 - Double Play,2,7,15,21,56,12,
Saturday 12/14/2024,12,17,23,52,67,1,2
Saturday 12/14/2024 - Double Play,12,16,36,55,64,3,
Wednesday 12/11/2024,13,44,50,52,54,20,2
Wednesday 12/11/2024 - Double Play,18,23,34,60,62,19,
Monday 12/9/2024,35,37,40,45,51,24,2
Monday 12/9/2024 - Double Play,7,17,28,44,54,8,
Saturday 12/7/2024,1,31,43,55,57,22,2
Saturday 12/7/2024 - Double Play,8,10,39,57,61,12,
Wednesday 12/4/2024,1,23,25,28,61,13,2
Wednesday 12/4/2024 - Double Play,14,35,43,48,54,1,
Monday 12/2/2024,3,9,26,61,67,13,2
Monday 12/2/2024 - Double Play,14,27,34,39,40,4,
Saturday 11/30/2024,4,24,29,39,63,25,4
Saturday 11/30/2024 - Double Play,9,21,37,43,61,23,
Wednesday 11/27/2024,1,6,7,13,40,5,5
Wednesday 11/27/2024 - Double Play,19,37,41,42,62,13,
Monday 11/25/2024,5,35,45,60,63,12,2
Monday 11/25/2024 - Double Play,2,13,25,27,39,10,
Saturday 11/23/2024,12,13,34,44,67,8,3
Saturday 11/23/2024 - Double Play,36,40,41,50,60,13,
Wednesday 11/20/2024,16,30,60,62,64,25,3
Wednesday 11/20/2024 - Double Play,3,10,37,40,68,1,
Monday 11/18/2024,27,31,41,52,69,26,3
Monday 11/18/2024 - Double Play,2,6,24,36,43,13,
Saturday 11/16/2024,21,22,25,32,38,16,5
Saturday 11/16/2024 - Double Play,16,23,31,59,63,10,
Wednesday 11/13/2024,9,20,26,43,58,9,2
Wednesday 11/13/2024 - Double Play,14,41,45,55,59,13,
Monday 11/11/2024,3,21,24,34,46,9,3
Monday 11/11/2024 - Double Play,16,23,38,40,57,10,
Saturday 11/9/2024,11,24,50,56,66,16,2
Saturday 11/9/2024 - Double Play,9,28,40,55,57,22,
Wednesday 11/6/2024,12,17,37,58,62,4,2
Wednesday 11/6/2024 - Double Play,12,16,17,39,45,10,
Monday 11/4/2024,6,18,33,48,53,21,10
Monday 11/4/2024 - Double Play,8,14,16,34,51,14,
Saturday 11/2/2024,10,45,48,58,61,2,3
Saturday 11/2/2024 - Double Play,4,20,37,48,58,24,
Wednesday 10/30/2024,13,22,29,43,58,22,3
Wednesday 10/30/2024 - Double Play,18,36,39,49,62,12,
Monday 10/28/2024,21,27,32,48,67,17,2
Monday 10/28/2024 - Double Play,6,16,19,24,40,5,
Saturday 10/26/2024,8,12,40,45,51,15,2
Saturday 10/26/2024 - Double Play,1,7,25,27,57,18,
Wednesday 10/23/2024,2,15,27,29,39,20,2
Wednesday 10/23/2024 - Double Play,1,42,43,58,66,20,
Monday 10/21/2024,1,25,57,62,64,15,2
Monday 10/21/2024 - Double Play,2,3,7,26,34,1,
Saturday 10/19/2024,7,16,19,45,64,25,3
Saturday 10/19/2024 - Double Play,19,39,53,57,68,16,
Wednesday 10/16/2024,4,30,39,44,60,11,2
Wednesday 10/16/2024 - Double Play,29,35,41,53,68,9,
Monday 10/14/2024,14,18,33,64,67,14,2
Monday 10/14/2024 - Double Play,7,29,31,41,54,8,
Saturday 10/12/2024,5,14,20,41,57,6,3
Saturday 10/12/2024 - Double Play,18,22,32,41,49,24,
Wednesday 10/9/2024,25,32,43,53,66,10,3
Wednesday 10/9/2024 - Double Play,4,14,29,33,59,17,
Monday 10/7/2024,18,30,31,52,63,22,2
Monday 10/7/2024 - Double Play,24,27,47,49,55,11,
Saturday 10/5/2024,2,12,46,52,65,3,2
Saturday 10/5/2024 - Double Play,15,16,27,30,57,24,
Wednesday 10/2/2024,1,2,21,37,43,21,3
Wednesday 10/2/2024 - Double Play,39,44,45,46,66,13,
Monday 9/30/2024,9,11,30,43,69,20,2
Monday 9/30/2024 - Double Play,17,32,39,43,53,2,
Saturday 9/28/2024,3,11,13,24,39,22,3
Saturday 9/28/2024 - Double Play,6,7,17,20,57,10,
Wednesday 9/25/2024,2,26,45,46,52,21,2
Wednesday 9/25/2024 - Double Play,6,32,51,62,69,26,
Monday 9/23/2024,15,21,25,37,45,19,3
Monday 9/23/2024 - Double Play,23,39,57,61,67,10,
Saturday 9/21/2024,17,19,21,37,45,14,2
Saturday 9/21/2024 - Double Play,4,17,37,46,49,19,
Wednesday 9/18/2024,1,11,22,47,68,7,4
Wednesday 9/18/2024 - Double Play,16,23,50,53,66,14,
Monday 9/16/2024,8,9,11,27,31,17,5
Monday 9/16/2024 - Double Play,13,25,38,40,63,23,
Saturday 9/14/2024,29,34,38,48,56,16,2
Saturday 9/14/2024 - Double Play,1,26,38,52,55,16,
Wednesday 9/11/2024,10,12,55,65,67,3,3
Wednesday 9/11/2024 - Double Play,6,9,15,17,20,3,
Monday 9/9/2024,1,16,21,47,60,5,3
Monday 9/9/2024 - Double Play,10,14,38,42,45,26,
Saturday 9/7/2024,14,34,37,55,63,20,2
Saturday 9/7/2024 - Double Play,14,16,20,30,47,22,
Wednesday 9/4/2024,7,10,21,33,59,20,3
Wednesday 9/4/2024 - Double Play,4,21,34,35,41,9,
Monday 9/2/2024,8,42,46,48,53,22,3
Monday 9/2/2024 - Double Play,4,12,13,16,67,7,
Saturday 8/31/2024,4,34,35,38,69,19,2
Saturday 8/31/2024 - Double Play,19,32,43,55,58,12,
Wednesday 8/28/2024,5,33,47,50,64,20,2
Wednesday 8/28/2024 - Double Play,9,11,31,52,54,25,
Monday 8/26/2024,2,4,23,68,69,15,3
Monday 8/26/2024 - Double Play,19,50,55,58,66,15,
Saturday 8/24/2024,5,15,21,24,43,17,3
Saturday 8/24/2024 - Double Play,1,26,32,64,65,16,
Wednesday 8/21/2024,27,31,33,38,67,3,2
Wednesday 8/21/2024 - Double Play,2,3,28,52,69,3,
Monday 8/19/2024,1,2,15,23,28,10,2
Monday 8/19/2024 - Double Play,22,48,50,57,69,1,
Saturday 8/17/2024,12,31,43,45,46,22,5
Saturday 8/17/2024 - Double Play,9,12,25,51,56,22,
Wednesday 8/14/2024,8,9,23,29,62,13,2
Wednesday 8/14/2024 - Double Play,16,27,34,62,66,22,
Monday 8/12/2024,9,22,57,67,68,14,3
Monday 8/12/2024 - Double Play,5,35,49,60,62,17,
Saturday 8/10/2024,9,24,33,64,69,9,2
Saturday 8/10/2024 - Double Play,6,14,53,59,62,12,
Wednesday 8/7/2024,6,19,35,47,57,9,3
Wednesday 8/7/2024 - Double Play,16,29,31,60,65,26,
Monday 8/5/2024,29,42,44,51,54,12,2
Monday 8/5/2024 - Double Play,2,18,31,45,60,8,
Saturday 8/3/2024,13,33,40,60,61,20,3
Saturday 8/3/2024 - Double Play,13,18,29,43,56,8,
Wednesday 7/31/2024,23,34,37,50,58,7,2
Wednesday 7/31/2024 - Double Play,10,24,41,48,61,9,
Monday 7/29/2024,11,27,30,33,44,16,3
Monday 7/29/2024 - Double Play,20,21,36,54,63,21,
Saturday 7/27/2024,3,31,37,40,64,17,3
Saturday 7/27/2024 - Double Play,19,45,57,64,69,7,
Wednesday 7/24/2024,16,42,59,63,68,13,2
Wednesday 7/24/2024 - Double Play,4,9,20,47,51,9,
Monday 7/22/2024,31,36,56,58,69,20,2
Monday 7/22/2024 - Double Play,17,34,44,49,66,9,
Saturday 7/20/2024,18,25,31,40,57,4,3
Saturday 7/20/2024 - Double Play,10,14,31,34,67,20,
Wednesday 7/17/2024,24,27,32,47,66,26,2
Wednesday 7/17/2024 - Double Play,3,24,49,56,60,17,
Monday 7/15/2024,9,31,39,40,45,23,3
Monday 7/15/2024 - Double Play,3,13,41,55,61,6,
Saturday 7/13/2024,9,55,59,66,69,21,2
Saturday 7/13/2024 - Double Play,40,57,59,64,65,15,
Wednesday 7/10/2024,7,11,12,27,46,26,3
Wednesday 7/10/2024 - Double Play,16,17,33,56,66,18,
Monday 7/8/2024,20,22,31,33,45,1,3
Monday 7/8/2024 - Double Play,10,17,19,25,59,8,
Saturday 7/6/2024,5,32,35,39,49,21,2
Saturday 7/6/2024 - Double Play,22,27,52,62,69,4,
Wednesday 7/3/2024,2,26,33,55,57,22,2
Wednesday 7/3/2024 - Double Play,19,22,38,55,61,23,
Monday 7/1/2024,5,9,32,39,55,9,2
Monday 7/1/2024 - Double Play,12,18,32,59,61,8,
Saturday 6/29/2024,26,51,54,61,69,25,3
Saturday 6/29/2024 - Double Play,6,28,49,53,69,8,
Wednesday 6/26/2024,4,9,36,47,56,7,5
Wednesday 6/26/2024 - Double Play,4,19,27,37,56,21,
Monday 6/24/2024,5,6,36,53,69,8,2
Monday 6/24/2024 - Double Play,1,31,33,54,60,26,
Saturday 6/22/2024,4,5,15,32,62,21,2
Saturday 6/22/2024 - Double Play,6,23,48,49,54,14,
Wednesday 6/19/2024,4,27,44,50,64,7,3
Wednesday 6/19/2024 - Double Play,16,23,35,50,59,21,
Monday 6/17/2024,30,48,53,58,66,9,2
Monday 6/17/2024 - Double Play,30,41,42,67,68,16,
Saturday 6/15/2024,4,36,48,54,56,2,3
Saturday 6/15/2024 - Double Play,30,38,44,54,55,22,
Wednesday 6/12/2024,19,30,31,61,62,21,2
Wednesday 6/12/2024 - Double Play,12,13,59,68,69,13,
Monday 6/10/2024,3,10,33,58,59,9,2
Monday 6/10/2024 - Double Play,9,15,27,32,65,10,
Saturday 6/8/2024,8,38,52,54,64,15,3
Saturday 6/8/2024 - Double Play,11,21,57,58,68,5,
Wednesday 6/5/2024,8,44,45,51,69,12,3
Wednesday 6/5/2024 - Double Play,4,11,20,45,49,21,
Monday 6/3/2024,19,29,35,36,45,16,2
Monday 6/3/2024 - Double Play,25,39,46,47,51,10,
Saturday 6/1/2024,28,38,52,54,68,8,2
Saturday 6/1/2024 - Double Play,24,40,53,56,59,5,
Wednesday 5/29/2024,17,34,56,60,61,9,2
Wednesday 5/29/2024 - Double Play,23,29,35,36,39,22,
Monday 5/27/2024,9,30,39,49,59,21,5
Monday 5/27/2024 - Double Play,20,31,39,45,56,19,
Saturday 5/25/2024,6,33,35,36,64,24,3
Saturday 5/25/2024 - Double Play,23,25,39,40,47,10,
Wednesday 5/22/2024,5,16,18,26,67,4,3
Wednesday 5/22/2024 - Double Play,10,12,19,21,67,25,
Monday 5/20/2024,1,7,48,64,68,5,2
Monday 5/20/2024 - Double Play,5,38,39,41,69,25,
Saturday 5/18/2024,19,36,37,42,59,19,2
Saturday 5/18/2024 - Double Play,15,17,28,36,60,9,
Wednesday 5/15/2024,19,42,45,55,69,6,2
Wednesday 5/15/2024 - Double Play,8,9,29,57,65,10,
Monday 5/13/2024,5,14,29,38,66,1,2
Monday 5/13/2024 - Double Play,6,14,21,58,69,16,
Saturday 5/11/2024,3,6,39,49,67,21,2
Saturday 5/11/2024 - Double Play,21,24,32,39,55,16,
Wednesday 5/8/2024,7,41,43,44,51,5,2
Wednesday 5/8/2024 - Double Play,10,22,43,55,57,2,
Monday 5/6/2024,7,23,24,56,60,25,2
Monday 5/6/2024 - Double Play,10,56,58,59,67,20,
Saturday 5/4/2024,14,20,23,53,69,4,2
Saturday 5/4/2024 - Double Play,1,8,27,63,66,26,
Wednesday 5/1/2024,1,11,19,21,68,15,2
Wednesday 5/1/2024 - Double Play,6,15,19,42,45,16,
Monday 4/29/2024,11,38,47,67,69,14,2
Monday 4/29/2024 - Double Play,11,44,50,54,59,13,
Saturday 4/27/2024,9,30,53,55,62,23,3
Saturday 4/27/2024 - Double Play,12,28,36,47,65,22,
Wednesday 4/24/2024,2,20,22,26,47,21,4
Wednesday 4/24/2024 - Double Play,23,25,45,46,62,25,
Monday 4/22/2024,12,16,33,39,52,1,2
Monday 4/22/2024 - Double Play,11,15,25,32,39,23,
Saturday 4/20/2024,4,35,41,44,58,25,3
Saturday 4/20/2024 - Double Play,25,28,36,38,68,23,
Wednesday 4/17/2024,24,29,44,47,54,2,2
Wednesday 4/17/2024 - Double Play,7,8,25,39,68,7,
Monday 4/15/2024,7,16,41,56,61,23,3
Monday 4/15/2024 - Double Play,3,25,52,60,64,17,
Saturday 4/13/2024,7,33,40,43,69,10,5
Saturday 4/13/2024 - Double Play,39,55,60,65,69,26,
Wednesday 4/10/2024,6,7,12,24,36,15,2
Wednesday 4/10/2024 - Double Play,8,21,24,57,64,2,
Monday 4/8/2024,6,21,23,39,54,23,2
Monday 4/8/2024 - Double Play,7,40,45,58,61,14,
Saturday 4/6/2024,22,27,44,52,69,9,3
Saturday 4/6/2024 - Double Play,16,19,56,59,66,14,
Wednesday 4/3/2024,11,38,41,62,65,15,3
Wednesday 4/3/2024 - Double Play,10,44,53,60,63,13,
Monday 4/1/2024,19,24,40,42,56,23,2
Monday 4/1/2024 - Double Play,12,15,28,30,39,12,
Saturday 3/30/2024,12,13,33,50,52,23,3
Saturday 3/30/2024 - Double Play,20,29,43,57,63,16,
Wednesday 3/27/2024,37,46,57,60,66,8,2
Wednesday 3/27/2024 - Double Play,31,47,52,53,57,23,
Monday 3/25/2024,7,11,19,53,68,23,2
Monday 3/25/2024 - Double Play,2,14,20,28,64,4,
Saturday 3/23/2024,6,23,25,34,51,3,2
Saturday 3/23/2024 - Double Play,18,24,43,46,47,11,
Wednesday 3/20/2024,13,22,27,54,66,9,2
Wednesday 3/20/2024 - Double Play,7,9,10,26,43,24,
Monday 3/18/2024,10,17,20,39,44,16,3
Monday 3/18/2024 - Double Play,11,44,55,63,68,17,
Saturday 3/16/2024,12,23,44,57,61,5,2
Saturday 3/16/2024 - Double Play,9,11,13,29,69,12,
Wednesday 3/13/2024,21,29,54,59,62,4,2
Wednesday 3/13/2024 - Double Play,2,25,64,65,67,5,
Monday 3/11/2024,1,3,7,16,66,5,5
Monday 3/11/2024 - Double Play,15,25,35,41,62,12,
Saturday 3/9/2024,30,36,49,52,63,16,5
Saturday 3/9/2024 - Double Play,41,43,49,55,67,20,
Wednesday 3/6/2024,6,19,28,44,60,10,2
Wednesday 3/6/2024 - Double Play,30,31,36,52,58,16,
Monday 3/4/2024,36,42,50,52,67,26,2
Monday 3/4/2024 - Double Play,3,19,29,53,59,4,
Saturday 3/2/2024,3,18,27,36,53,12,2
Saturday 3/2/2024 - Double Play,18,31,36,43,61,10,
Wednesday 2/28/2024,16,26,29,38,50,6,2
Wednesday 2/28/2024 - Double Play,14,38,41,47,67,7,
Monday 2/26/2024,24,29,42,51,54,16,3
Monday 2/26/2024 - Double Play,1,3,8,30,41,8,
Saturday 2/24/2024,3,8,40,53,58,3,3
Saturday 2/24/2024 - Double Play,5,6,16,34,35,17,
Wednesday 2/21/2024,4,27,33,41,42,14,2
Wednesday 2/21/2024 - Double Play,23,49,51,54,58,11,
Monday 2/19/2024,4,23,45,50,53,17,3
Monday 2/19/2024 - Double Play,9,18,30,47,63,14,
Saturday 2/17/2024,6,28,59,62,69,21,3
Saturday 2/17/2024 - Double Play,14,47,49,61,66,18,
Wednesday 2/14/2024,1,4,45,47,67,18,2
Wednesday 2/14/2024 - Double Play,33,40,45,48,53,17,
Monday 2/12/2024,17,36,43,53,67,14,2
Monday 2/12/2024 - Double Play,29,49,51,61,66,2,
Saturday 2/10/2024,27,28,34,37,44,8,2
Saturday 2/10/2024 - Double Play,12,15,32,50,64,15,
Wednesday 2/7/2024,12,21,62,67,69,17,3
Wednesday 2/7/2024 - Double Play,8,17,36,56,62,23,
Monday 2/5/2024,1,2,27,30,67,9,5
Monday 2/5/2024 - Double Play,1,7,35,52,54,20,
Saturday 2/3/2024,9,11,27,59,66,19,3
Saturday 2/3/2024 - Double Play,23,26,30,35,39,13,
Wednesday 1/31/2024,15,18,19,41,43,14,2
Wednesday 1/31/2024 - Double Play,13,15,18,21,58,25,
Monday 1/29/2024,39,41,43,49,64,4,2
Monday 1/29/2024 - Double Play,31,44,45,63,64,16,
Saturday 1/27/2024,7,38,65,66,68,21,2
Saturday 1/27/2024 - Double Play,4,28,34,50,61,16,
Wednesday 1/24/2024,1,5,32,50,64,8,4
Wednesday 1/24/2024 - Double Play,7,28,46,47,58,18,
Monday 1/22/2024,24,25,43,52,63,21,2
Monday 1/22/2024 - Double Play,17,31,34,54,63,13,
Saturday 1/20/2024,16,31,34,47,65,10,3
Saturday 1/20/2024 - Double Play,13,26,30,40,50,13,
Wednesday 1/17/2024,18,22,43,61,65,2,4
Wednesday 1/17/2024 - Double Play,14,38,51,53,55,25,
Monday 1/15/2024,13,30,35,49,59,4,3
Monday 1/15/2024 - Double Play,6,16,23,60,62,17,
Saturday 1/13/2024,13,31,33,51,58,15,2
Saturday 1/13/2024 - Double Play,30,41,44,55,58,17,
Wednesday 1/10/2024,25,40,43,48,50,11,2
Wednesday 1/10/2024 - Double Play,2,7,27,34,51,19,
Monday 1/8/2024,7,17,28,40,45,2,3
Monday 1/8/2024 - Double Play,3,38,55,57,62,17,
Saturday 1/6/2024,4,31,34,38,61,13,2
Saturday 1/6/2024 - Double Play,9,14,26,27,32,22,
Wednesday 1/3/2024,30,31,38,48,68,8,10
Wednesday 1/3/2024 - Double Play,8,9,17,31,56,23,
Monday 1/1/2024,12,21,42,44,49,1,3
Monday 1/1/2024 - Double Play,19,31,40,42,64,2,
Saturday 12/30/2023,10,11,26,27,34,7,4
Saturday 12/30/2023 - Double Play,1,4,5,6,42,8,
Wednesday 12/27/2023,4,11,38,51,68,5,3
Wednesday 12/27/2023 - Double Play,14,29,39,66,67,2,
Monday 12/25/2023,5,12,20,24,29,4,2
Monday 12/25/2023 - Double Play,2,3,19,31,42,9,
Saturday 12/23/2023,9,14,17,18,53,6,3
Saturday 12/23/2023 - Double Play,20,37,39,40,43,1,
Wednesday 12/20/2023,27,35,41,56,60,16,2
Wednesday 12/20/2023 - Double Play,22,25,28,30,53,3,
Monday 12/18/2023,5,8,19,34,39,26,3
Monday 12/18/2023 - Double Play,2,8,11,25,51,9,
Saturday 12/16/2023,3,9,10,20,62,25,3
Saturday 12/16/2023 - Double Play,9,39,41,46,65,3,
Wednesday 12/13/2023,3,8,41,56,64,18,2
Wednesday 12/13/2023 - Double Play,32,53,57,60,63,14,
Monday 12/11/2023,1,24,27,31,62,20,3
Monday 12/11/2023 - Double Play,10,12,27,40,65,4,
Saturday 12/9/2023,5,25,26,40,60,1,2
Saturday 12/9/2023 - Double Play,8,14,23,29,37,18,
Wednesday 12/6/2023,2,12,37,56,65,21,3
Wednesday 12/6/2023 - Double Play,3,23,27,67,68,9,
Monday 12/4/2023,18,19,27,28,45,9,3
Monday 12/4/2023 - Double Play,21,51,52,59,63,7,
Saturday 12/2/2023,28,35,41,47,60,3,2
Saturday 12/2/2023 - Double Play,6,32,37,42,67,25,
Wednesday 11/29/2023,6,47,50,61,68,4,2
Wednesday 11/29/2023 - Double Play,9,13,16,30,36,23,
Monday 11/27/2023,2,21,38,61,66,12,2
Monday 11/27/2023 - Double Play,9,29,51,53,61,20,
Saturday 11/25/2023,27,33,63,66,68,9,2
Saturday 11/25/2023 - Double Play,1,27,30,49,62,20,
Wednesday 11/22/2023,20,24,33,39,42,21,2
Wednesday 11/22/2023 - Double Play,20,21,30,55,56,14,
Monday 11/20/2023,19,26,30,39,63,13,2
Monday 11/20/2023 - Double Play,15,21,39,45,52,12,
Saturday 11/18/2023,34,50,51,61,67,20,2
Saturday 11/18/2023 - Double Play,27,32,40,45,47,8,
Wednesday 11/15/2023,3,4,51,53,60,6,3
Wednesday 11/15/2023 - Double Play,14,15,30,58,59,17,
Monday 11/13/2023,24,33,35,37,42,21,2
Monday 11/13/2023 - Double Play,13,14,20,67,69,14,
Saturday 11/11/2023,1,12,14,24,57,7,4
Saturday 11/11/2023 - Double Play,5,17,19,41,49,5,
Wednesday 11/8/2023,14,21,33,39,62,20,2
Wednesday 11/8/2023 - Double Play,5,20,22,27,63,18,
Monday 11/6/2023,12,25,40,59,61,26,2
Monday 11/6/2023 - Double Play,22,23,25,41,56,24,
Saturday 11/4/2023,1,28,30,34,52,6,2
Saturday 11/4/2023 - Double Play,5,15,22,47,66,26,
Wednesday 11/1/2023,22,26,39,47,63,12,3
Wednesday 11/1/2023 - Double Play,9,26,49,58,61,21,
Monday 10/30/2023,19,22,34,66,69,5,3
Monday 10/30/2023 - Double Play,1,4,8,11,66,10,
Saturday 10/28/2023,14,24,50,59,64,2,2
Saturday 10/28/2023 - Double Play,34,48,50,52,66,11,
Wednesday 10/25/2023,25,27,41,53,68,2,2
Wednesday 10/25/2023 - Double Play,18,19,38,54,55,17,
Monday 10/23/2023,18,21,25,46,64,21,5
Monday 10/23/2023 - Double Play,25,44,45,50,58,13,
Saturday 10/21/2023,6,15,24,67,68,11,2
Saturday 10/21/2023 - Double Play,7,18,27,33,61,5,
Wednesday 10/18/2023,1,4,13,35,58,24,2
Wednesday 10/18/2023 - Double Play,26,59,62,64,65,15,
Monday 10/16/2023,2,27,31,44,64,18,3
Monday 10/16/2023 - Double Play,1,2,15,17,34,1,
Saturday 10/14/2023,14,16,42,48,64,14,2
Saturday 10/14/2023 - Double Play,13,21,33,46,50,23,
Wednesday 10/11/2023,22,24,40,52,64,10,2
Wednesday 10/11/2023 - Double Play,3,40,51,59,66,2,
Monday 10/9/2023,16,34,46,55,67,14,3
Monday 10/9/2023 - Double Play,1,20,33,49,59,10,
Saturday 10/7/2023,47,54,57,60,65,19,3
Saturday 10/7/2023 - Double Play,13,31,51,55,66,23,
Wednesday 10/4/2023,9,35,54,63,64,1,2
Wednesday 10/4/2023 - Double Play,12,30,39,64,67,22,
Monday 10/2/2023,12,26,27,43,47,5,2
Monday 10/2/2023 - Double Play,11,26,35,40,43,24,
Saturday 9/30/2023,19,30,37,44,46,22,2
Saturday 9/30/2023 - Double Play,2,22,46,56,67,25,
Wednesday 9/27/2023,1,7,46,47,63,7,3
Wednesday 9/27/2023 - Double Play,10,25,51,52,63,1,
Monday 9/25/2023,10,12,22,36,50,4,2
Monday 9/25/2023 - Double Play,5,16,18,38,40,19,
Saturday 9/23/2023,1,12,20,33,66,21,2
Saturday 9/23/2023 - Double Play,14,16,26,41,57,24,
Wednesday 9/20/2023,16,27,59,62,63,23,3
Wednesday 9/20/2023 - Double Play,6,20,29,46,68,8,
Monday 9/18/2023,2,21,26,40,42,9,3
Monday 9/18/2023 - Double Play,3,7,41,48,67,14,
Saturday 9/16/2023,8,11,19,24,46,5,2
Saturday 9/16/2023 - Double Play,10,27,30,43,47,6,
Wednesday 9/13/2023,22,30,37,44,45,18,3
Wednesday 9/13/2023 - Double Play,3,12,28,58,62,24,
Monday 9/11/2023,9,25,27,53,66,5,2
Monday 9/11/2023 - Double Play,18,22,25,30,35,22,
Saturday 9/9/2023,11,19,29,63,68,25,2
Saturday 9/9/2023 - Double Play,33,38,42,64,65,20,
Wednesday 9/6/2023,9,14,20,23,63,1,3
Wednesday 9/6/2023 - Double Play,1,12,30,50,55,10,
Monday 9/4/2023,1,26,32,46,51,13,3
Monday 9/4/2023 - Double Play,1,29,45,47,51,7,
Saturday 9/2/2023,25,38,42,66,67,19,4
Saturday 9/2/2023 - Double Play,3,7,14,26,52,21,
Wednesday 8/30/2023,4,13,35,61,69,4,2
Wednesday 8/30/2023 - Double Play,2,10,45,46,59,2,
Monday 8/28/2023,4,6,25,55,68,26,2
Monday 8/28/2023 - Double Play,23,24,48,61,64,4,
Saturday 8/26/2023,20,22,26,28,63,5,3
Saturday 8/26/2023 - Double Play,1,19,54,63,64,15,
Wednesday 8/23/2023,25,30,32,33,55,20,2
Wednesday 8/23/2023 - Double Play,18,25,38,56,61,19,
Monday 8/21/2023,3,4,12,22,28,16,2
Monday 8/21/2023 - Double Play,1,13,19,49,66,7,
Saturday 8/19/2023,1,25,27,38,62,13,2
Saturday 8/19/2023 - Double Play,19,26,39,65,68,12,
Wednesday 8/16/2023,9,11,17,19,55,1,2
Wednesday 8/16/2023 - Double Play,15,22,44,49,63,26,
Monday 8/14/2023,32,34,37,39,47,3,2
Monday 8/14/2023 - Double Play,2,23,42,61,68,26,
Saturday 8/12/2023,19,21,37,50,65,26,2
Saturday 8/12/2023 - Double Play,10,26,27,48,52,12,
Wednesday 8/9/2023,10,15,21,67,69,3,2
Wednesday 8/9/2023 - Double Play,1,42,51,61,63,17,
Monday 8/7/2023,6,13,20,35,54,22,2
Monday 8/7/2023 - Double Play,26,29,37,49,63,22,
Saturday 8/5/2023,18,42,44,62,65,23,2
Saturday 8/5/2023 - Double Play,14,25,37,57,67,16,
Wednesday 8/2/2023,23,24,33,51,64,5,2
Wednesday 8/2/2023 - Double Play,5,23,30,62,63,9,
Monday 7/31/2023,2,11,48,58,65,13,2
Monday 7/31/2023 - Double Play,15,32,33,34,35,4,
Saturday 7/29/2023,10,25,27,34,38,2,3
Saturday 7/29/2023 - Double Play,10,23,27,62,65,15,
Wednesday 7/26/2023,3,16,40,48,60,14,2
Wednesday 7/26/2023 - Double Play,31,43,51,60,69,13,
Monday 7/24/2023,3,4,12,28,49,25,2
Monday 7/24/2023 - Double Play,3,6,32,58,68,25,
Saturday 7/22/2023,25,27,36,37,63,7,2
Saturday 7/22/2023 - Double Play,31,37,39,54,65,14,
Wednesday 7/19/2023,7,10,11,13,24,24,2
Wednesday 7/19/2023 - Double Play,13,15,28,43,57,25,
Monday 7/17/2023,5,8,9,17,41,21,4
Monday 7/17/2023 - Double Play,9,37,38,62,69,23,
Saturday 7/15/2023,2,9,43,55,57,18,2
Saturday 7/15/2023 - Double Play,12,21,23,37,52,19,
Wednesday 7/12/2023,23,35,45,66,67,20,3
Wednesday 7/12/2023 - Double Play,42,49,54,62,63,21,
Monday 7/10/2023,2,24,34,53,58,13,2
Monday 7/10/2023 - Double Play,21,30,37,41,56,14,
Saturday 7/8/2023,7,23,24,32,43,18,2
Saturday 7/8/2023 - Double Play,12,23,30,42,62,21,
Wednesday 7/5/2023,17,24,48,62,68,23,2
Wednesday 7/5/2023 - Double Play,10,19,47,50,53,26,
Monday 7/3/2023,15,26,31,38,61,3,3
Monday 7/3/2023 - Double Play,15,37,50,55,69,9,
Saturday 7/1/2023,4,17,35,49,61,8,2
Saturday 7/1/2023 - Double Play,13,24,49,54,60,17,
Wednesday 6/28/2023,19,25,34,57,68,4,5
Wednesday 6/28/2023 - Double Play,27,33,48,64,69,23,
Monday 6/26/2023,6,28,39,43,54,12,4
Monday 6/26/2023 - Double Play,14,20,23,31,54,19,
Saturday 6/24/2023,2,38,44,50,62,19,3
Saturday 6/24/2023 - Double Play,12,17,50,53,64,20,
Wednesday 6/21/2023,5,11,33,35,63,14,2
Wednesday 6/21/2023 - Double Play,15,18,23,45,48,10,
Monday 6/19/2023,36,39,52,57,69,1,3
Monday 6/19/2023 - Double Play,14,15,39,57,69,7,
Saturday 6/17/2023,2,12,45,61,64,26,2
Saturday 6/17/2023 - Double Play,8,12,21,33,51,14,
Wednesday 6/14/2023,3,20,36,42,64,4,2
Wednesday 6/14/2023 - Double Play,6,10,14,16,50,1,
Monday 6/12/2023,2,3,16,23,68,7,2
Monday 6/12/2023 - Double Play,9,15,22,54,64,19,
Saturday 6/10/2023,21,32,42,46,50,4,3
Saturday 6/10/2023 - Double Play,30,45,55,67,69,23,
Wednesday 6/7/2023,16,21,29,53,66,2,5
Wednesday 6/7/2023 - Double Play,29,44,55,62,66,7,
Monday 6/5/2023,2,31,45,46,49,20,2
Monday 6/5/2023 - Double Play,3,11,14,37,44,2,
Saturday 6/3/2023,15,45,64,67,68,18,2
Saturday 6/3/2023 - Double Play,8,26,34,58,69,7,
Wednesday 5/31/2023,2,4,54,61,62,14,3
Wednesday 5/31/2023 - Double Play,15,36,61,66,68,23,
Monday 5/29/2023,21,33,35,62,64,24,2
Monday 5/29/2023 - Double Play,5,12,17,46,65,16,
Saturday 5/27/2023,24,38,39,48,56,4,2
Saturday 5/27/2023 - Double Play,21,28,31,48,49,18,
Wednesday 5/24/2023,12,21,44,50,58,26,3
Wednesday 5/24/2023 - Double Play,7,25,29,40,45,12,
Monday 5/22/2023,9,38,48,52,68,25,4
Monday 5/22/2023 - Double Play,14,17,38,39,40,14,
Saturday 5/20/2023,17,23,32,38,63,23,2
Saturday 5/20/2023 - Double Play,19,32,54,55,68,24,
Wednesday 5/17/2023,18,34,37,45,51,14,2
Wednesday 5/17/2023 - Double Play,21,26,37,52,53,26,
Monday 5/15/2023,1,26,28,55,58,25,2
Monday 5/15/2023 - Double Play,13,36,55,56,68,23,
Saturday 5/13/2023,3,15,20,23,46,11,2
Saturday 5/13/2023 - Double Play,23,32,52,58,60,3,
Wednesday 5/10/2023,21,24,33,55,69,3,10
Wednesday 5/10/2023 - Double Play,21,22,24,52,58,3,
Monday 5/8/2023,15,20,33,36,43,12,2
Monday 5/8/2023 - Double Play,4,31,50,53,63,24,
Saturday 5/6/2023,31,39,47,51,53,6,2
Saturday 5/6/2023 - Double Play,1,9,20,21,55,11,
Wednesday 5/3/2023,21,26,30,45,47,23,3
Wednesday 5/3/2023 - Double Play,11,35,57,60,64,22,
Monday 5/1/2023,3,38,55,61,66,1,3
Monday 5/1/2023 - Double Play,14,20,29,33,57,2,
Saturday 4/29/2023,16,53,54,57,65,8,2
Saturday 4/29/2023 - Double Play,3,13,36,50,61,16,
Wednesday 4/26/2023,2,15,30,35,49,6,2
Wednesday 4/26/2023 - Double Play,18,26,31,49,51,18,
Monday 4/24/2023,19,21,55,66,68,3,2
Monday 4/24/2023 - Double Play,9,18,24,30,58,15,
Saturday 4/22/2023,17,36,47,63,68,25,2
Saturday 4/22/2023 - Double Play,9,10,50,62,63,14,
Wednesday 4/19/2023,4,11,21,38,64,11,3
Wednesday 4/19/2023 - Double Play,9,17,22,24,31,5,
Monday 4/17/2023,23,25,35,63,64,25,3
Monday 4/17/2023 - Double Play,5,34,35,58,67,21,
Saturday 4/15/2023,1,33,34,56,59,18,3
Saturday 4/15/2023 - Double Play,4,6,15,19,28,15,
Wednesday 4/12/2023,9,36,41,44,59,4,2
Wednesday 4/12/2023 - Double Play,16,19,32,33,41,19,
Monday 4/10/2023,9,10,36,46,52,14,2
Monday 4/10/2023 - Double Play,6,14,20,24,63,2,
Saturday 4/8/2023,11,22,24,51,60,18,3
Saturday 4/8/2023 - Double Play,15,26,44,49,51,22,
Wednesday 4/5/2023,3,5,9,42,52,11,2
Wednesday 4/5/2023 - Double Play,12,30,46,52,59,1,
Monday 4/3/2023,16,30,31,54,68,1,2
Monday 4/3/2023 - Double Play,5,10,16,30,40,20,
Saturday 4/1/2023,11,19,21,29,52,17,4
Saturday 4/1/2023 - Double Play,3,14,34,56,57,2,
Wednesday 3/29/2023,4,9,24,46,66,7,3
Wednesday 3/29/2023 - Double Play,1,20,39,47,49,23,
Monday 3/27/2023,19,26,36,43,58,14,3
Monday 3/27/2023 - Double Play,7,11,46,49,60,1,
Saturday 3/25/2023,15,17,18,47,57,19,2
Saturday 3/25/2023 - Double Play,18,30,35,42,52,1,
Wednesday 3/22/2023,27,28,37,50,57,5,2
Wednesday 3/22/2023 - Double Play,3,32,58,59,61,15,
Monday 3/20/2023,1,27,32,47,67,14,2
Monday 3/20/2023 - Double Play,2,18,31,59,60,19,
Saturday 3/18/2023,14,20,30,54,69,11,2
Saturday 3/18/2023 - Double Play,21,30,34,57,59,8,
Wednesday 3/15/2023,16,18,33,37,50,8,2
Wednesday 3/15/2023 - Double Play,7,9,46,64,68,3,
Monday 3/13/2023,3,10,24,46,63,4,2
Monday 3/13/2023 - Double Play,5,25,32,38,62,6,
Saturday 3/11/2023,11,20,33,43,58,24,2
Saturday 3/11/2023 - Double Play,7,16,22,36,58,5,
Wednesday 3/8/2023,26,27,43,61,69,4,3
Wednesday 3/8/2023 - Double Play,13,20,29,41,45,19,
Monday 3/6/2023,2,13,29,58,69,4,3
Monday 3/6/2023 - Double Play,10,19,26,47,55,21,
Saturday 3/4/2023,10,16,18,40,66,16,3
Saturday 3/4/2023 - Double Play,17,18,24,36,56,25,
Wednesday 3/1/2023,2,9,28,36,53,4,2
Wednesday 3/1/2023 - Double Play,7,12,16,17,39,22,
Monday 2/27/2023,16,28,49,51,55,23,2
Monday 2/27/2023 - Double Play,8,27,33,34,44,5,
Saturday 2/25/2023,11,24,58,66,67,26,3
Saturday 2/25/2023 - Double Play,4,6,39,60,66,2,
Wednesday 2/22/2023,11,19,39,44,65,7,2
Wednesday 2/22/2023 - Double Play,2,38,53,62,63,2,
Monday 2/20/2023,3,17,26,38,54,15,3
Monday 2/20/2023 - Double Play,2,13,26,51,55,23,
Saturday 2/18/2023,8,21,31,32,37,23,4
Saturday 2/18/2023 - Double Play,4,36,39,44,46,20,
Wednesday 2/15/2023,31,32,54,60,63,12,4
Wednesday 2/15/2023 - Double Play,25,30,44,52,66,22,
Monday 2/13/2023,17,26,37,61,65,2,2
Monday 2/13/2023 - Double Play,12,17,26,61,69,22,
Saturday 2/11/2023,10,23,30,54,65,11,4
Saturday 2/11/2023 - Double Play,45,48,54,60,63,2,
Wednesday 2/8/2023,52,58,59,64,66,9,2
Wednesday 2/8/2023 - Double Play,40,41,57,64,65,21,
Monday 2/6/2023,5,11,22,23,69,7,2
Monday 2/6/2023 - Double Play,14,19,58,59,68,16,
Saturday 2/4/2023,2,8,15,19,58,10,2
Saturday 2/4/2023 - Double Play,6,38,57,58,63,8,
Wednesday 2/1/2023,31,43,58,59,66,9,2
Wednesday 2/1/2023 - Double Play,4,23,39,57,63,26,
Monday 1/30/2023,1,4,12,36,49,5,2
Monday 1/30/2023 - Double Play,3,25,28,42,61,17,
Saturday 1/28/2023,2,18,23,27,47,15,4
Saturday 1/28/2023 - Double Play,47,51,53,62,63,16,
Wednesday 1/25/2023,9,17,20,38,40,18,2
Wednesday 1/25/2023 - Double Play,15,32,35,42,47,23,
Monday 1/23/2023,12,31,47,58,60,23,3
Monday 1/23/2023 - Double Play,6,15,31,45,58,5,
Saturday 1/21/2023,5,14,19,46,64,22,4
Saturday 1/21/2023 - Double Play,1,8,32,37,64,16,
Wednesday 1/18/2023,6,15,22,42,47,26,3
Wednesday 1/18/2023 - Double Play,4,11,14,54,69,16,
Monday 1/16/2023,4,14,33,39,61,3,3
Monday 1/16/2023 - Double Play,37,40,46,54,59,15,
Saturday 1/14/2023,24,26,39,47,57,23,2
Saturday 1/14/2023 - Double Play,17,19,31,33,64,13,
Wednesday 1/11/2023,4,8,46,47,48,5,3
Wednesday 1/11/2023 - Double Play,1,3,11,44,62,6,
Monday 1/9/2023,18,43,48,60,69,14,3
Monday 1/9/2023 - Double Play,19,41,47,53,54,25,
Saturday 1/7/2023,35,36,44,45,67,14,3
Saturday 1/7/2023 - Double Play,10,17,23,29,49,20,
Wednesday 1/4/2023,12,32,56,67,68,26,3
Wednesday 1/4/2023 - Double Play,22,25,32,41,46,23,
Monday 1/2/2023,7,9,12,31,62,22,2
Monday 1/2/2023 - Double Play,11,12,15,33,39,24,
Saturday 12/31/2022,18,37,44,50,64,11,3
Saturday 12/31/2022 - Double Play,1,25,29,54,56,9,
Wednesday 12/28/2022,26,32,38,45,56,1,2
Wednesday 12/28/2022 - Double Play,4,10,14,41,56,16,
Monday 12/26/2022,17,41,47,60,61,17,3
Monday 12/26/2022 - Double Play,1,30,52,54,63,26,
Saturday 12/24/2022,17,37,46,54,67,8,3
Saturday 12/24/2022 - Double Play,5,32,34,38,48,12,
Wednesday 12/21/2022,12,15,24,34,59,14,2
Wednesday 12/21/2022 - Double Play,10,16,25,39,52,23,
Monday 12/19/2022,7,37,55,65,67,12,5
Monday 12/19/2022 - Double Play,18,32,40,65,67,6,
Saturday 12/17/2022,33,56,64,66,68,12,2
Saturday 12/17/2022 - Double Play,6,9,10,19,28,23,
Wednesday 12/14/2022,36,51,59,66,68,25,10
Wednesday 12/14/2022 - Double Play,3,12,24,40,57,19,
Monday 12/12/2022,16,31,50,55,61,9,4
Monday 12/12/2022 - Double Play,28,39,43,63,67,26,
Saturday 12/10/2022,9,23,47,49,68,19,2
Saturday 12/10/2022 - Double Play,1,34,37,40,53,2,
Wednesday 12/7/2022,6,28,44,59,61,21,2
Wednesday 12/7/2022 - Double Play,16,25,26,37,48,16,
Monday 12/5/2022,35,45,47,54,55,14,2
Monday 12/5/2022 - Double Play,15,50,51,53,68,21,
Saturday 12/3/2022,6,13,33,36,37,7,4
Saturday 12/3/2022 - Double Play,4,10,23,43,64,3,
Wednesday 11/30/2022,4,19,24,47,66,10,2
Wednesday 11/30/2022 - Double Play,16,34,41,47,55,23,
Monday 11/28/2022,29,30,32,48,50,20,2
Monday 11/28/2022 - Double Play,1,5,19,47,55,3,
Saturday 11/26/2022,15,30,47,50,51,3,10
Saturday 11/26/2022 - Double Play,1,35,39,41,54,17,
Wednesday 11/23/2022,1,2,31,39,66,25,2
Wednesday 11/23/2022 - Double Play,17,20,54,60,69,22,
Monday 11/21/2022,1,6,40,51,67,2,2
Monday 11/21/2022 - Double Play,8,23,41,49,63,15,
Saturday 11/19/2022,7,28,62,63,64,10,3
Saturday 11/19/2022 - Double Play,19,35,40,62,68,23,
Wednesday 11/16/2022,28,34,51,53,56,11,2
Wednesday 11/16/2022 - Double Play,5,26,41,59,66,11,
Monday 11/14/2022,19,35,53,54,67,21,2
Monday 11/14/2022 - Double Play,1,24,32,63,69,13,
Saturday 11/12/2022,16,20,44,57,58,6,4
Saturday 11/12/2022 - Double Play,8,18,29,44,68,3,
Wednesday 11/9/2022,7,14,24,30,56,7,2
Wednesday 11/9/2022 - Double Play,4,15,31,52,62,16,
Monday 11/7/2022,10,33,41,47,56,10,2
Monday 11/7/2022 - Double Play,1,21,27,29,40,18,
Saturday 11/5/2022,28,45,53,56,69,20,3
Saturday 11/5/2022 - Double Play,4,23,27,31,56,15,
Wednesday 11/2/2022,2,11,22,35,60,23,2
Wednesday 11/2/2022 - Double Play,20,34,37,57,67,26,
Monday 10/31/2022,13,19,36,39,59,13,3
Monday 10/31/2022 - Double Play,9,14,52,57,62,24,
Saturday 10/29/2022,19,31,40,46,57,23,3
Saturday 10/29/2022 - Double Play,9,13,31,35,37,1,
Wednesday 10/26/2022,19,36,37,46,56,24,2
Wednesday 10/26/2022 - Double Play,5,36,38,39,54,19,
Monday 10/24/2022,18,23,35,45,54,16,4
Monday 10/24/2022 - Double Play,12,48,51,63,67,26,
Saturday 10/22/2022,19,25,48,55,60,18,2
Saturday 10/22/2022 - Double Play,9,21,30,49,51,3,
Wednesday 10/19/2022,6,8,15,27,42,10,3
Wednesday 10/19/2022 - Double Play,4,24,32,55,59,13,
Monday 10/17/2022,19,30,36,46,60,25,3
Monday 10/17/2022 - Double Play,29,35,36,40,52,18,
Saturday 10/15/2022,32,37,40,58,62,15,5
Saturday 10/15/2022 - Double Play,6,19,32,48,50,1,
Wednesday 10/12/2022,14,30,41,42,59,6,5
Wednesday 10/12/2022 - Double Play,4,22,36,39,64,14,
Monday 10/10/2022,3,6,11,17,22,11,2
Monday 10/10/2022 - Double Play,4,24,35,52,62,10,
Saturday 10/8/2022,13,43,53,60,68,5,2
Saturday 10/8/2022 - Double Play,3,33,46,63,68,17,
Wednesday 10/5/2022,26,30,33,37,62,6,2
Wednesday 10/5/2022 - Double Play,17,23,24,36,61,16,
Monday 10/3/2022,2,16,22,55,63,22,4
Monday 10/3/2022 - Double Play,4,5,50,66,67,15,
Saturday 10/1/2022,8,21,22,65,69,26,2
Saturday 10/1/2022 - Double Play,1,24,43,53,63,18,
Wednesday 9/28/2022,6,10,24,33,67,11,3
Wednesday 9/28/2022 - Double Play,14,24,34,56,60,8,
Monday 9/26/2022,13,20,31,33,59,20,3
Monday 9/26/2022 - Double Play,7,15,39,54,59,11,
Saturday 9/24/2022,3,9,21,24,29,14,2
Saturday 9/24/2022 - Double Play,15,30,38,46,66,25,
Wednesday 9/21/2022,6,33,34,45,54,7,2
Wednesday 9/21/2022 - Double Play,18,28,39,47,49,16,
Monday 9/19/2022,7,15,36,46,67,7,2
Monday 9/19/2022 - Double Play,7,11,23,27,38,4,
Saturday 9/17/2022,5,25,36,51,61,1,3
Saturday 9/17/2022 - Double Play,9,23,37,41,55,1,
Wednesday 9/14/2022,9,10,20,22,52,25,3
Wednesday 9/14/2022 - Double Play,15,16,17,23,29,5,
Monday 9/12/2022,6,14,16,34,66,25,3
Monday 9/12/2022 - Double Play,1,16,19,48,60,11,
Saturday 9/10/2022,38,42,56,68,69,4,2
Saturday 9/10/2022 - Double Play,25,30,34,55,56,26,
Wednesday 9/7/2022,3,16,30,33,36,20,3
Wednesday 9/7/2022 - Double Play,4,26,28,29,42,10,
Monday 9/5/2022,4,7,32,55,64,25,2
Monday 9/5/2022 - Double Play,10,31,48,50,68,7,
Saturday 9/3/2022,18,27,49,65,69,9,2
Saturday 9/3/2022 - Double Play,4,9,15,33,46,21,
Wednesday 8/31/2022,7,8,19,24,28,1,2
Wednesday 8/31/2022 - Double Play,7,15,21,41,56,16,
Monday 8/29/2022,13,36,43,61,69,18,3
Monday 8/29/2022 - Double Play,25,27,51,52,58,1,
Saturday 8/27/2022,2,18,56,60,65,14,3
Saturday 8/27/2022 - Double Play,16,18,43,49,51,6,
Wednesday 8/24/2022,6,24,35,37,44,22,4
Wednesday 8/24/2022 - Double Play,14,30,38,52,62,24,
Monday 8/22/2022,12,27,34,55,67,9,2
Monday 8/22/2022 - Double Play,42,50,59,61,64,21,
Saturday 8/20/2022,5,9,11,16,66,7,2
Saturday 8/20/2022 - Double Play,14,19,36,39,65,25,
Wednesday 8/17/2022,23,28,41,50,55,24,2
Wednesday 8/17/2022 - Double Play,15,16,36,53,61,14,
Monday 8/15/2022,20,24,47,50,63,5,2
Monday 8/15/2022 - Double Play,16,37,53,56,63,22,
Saturday 8/13/2022,19,24,35,43,62,2,10
Saturday 8/13/2022 - Double Play,10,29,37,43,65,19,
Wednesday 8/10/2022,29,44,59,61,68,19,2
Wednesday 8/10/2022 - Double Play,11,24,30,53,69,7,
Monday 8/8/2022,32,45,51,57,58,12,2
Monday 8/8/2022 - Double Play,11,42,46,48,57,9,
Saturday 8/6/2022,8,15,46,56,68,3,2
Saturday 8/6/2022 - Double Play,9,19,30,40,48,16,
Wednesday 8/3/2022,9,21,56,57,66,11,2
Wednesday 8/3/2022 - Double Play,24,28,29,31,48,12,
Monday 8/1/2022,15,21,31,36,65,16,3
Monday 8/1/2022 - Double Play,11,26,27,55,57,2,
Saturday 7/30/2022,4,17,57,58,68,12,3
Saturday 7/30/2022 - Double Play,16,19,23,32,40,15,
Wednesday 7/27/2022,1,25,44,55,57,26,2
Wednesday 7/27/2022 - Double Play,2,10,11,63,68,1,
Monday 7/25/2022,25,37,38,39,65,5,2
Monday 7/25/2022 - Double Play,34,41,43,66,68,8,
Saturday 7/23/2022,39,41,54,59,62,12,3
Saturday 7/23/2022 - Double Play,20,29,34,50,63,20,
Wednesday 7/20/2022,10,20,23,49,65,22,3
Wednesday 7/20/2022 - Double Play,4,14,26,30,52,18,
Monday 7/18/2022,14,34,36,50,58,5,3
Monday 7/18/2022 - Double Play,9,29,39,43,56,19,
Saturday 7/16/2022,3,18,23,32,57,21,2
Saturday 7/16/2022 - Double Play,2,19,32,36,56,5,
Wednesday 7/13/2022,22,23,36,47,63,2,2
Wednesday 7/13/2022 - Double Play,14,17,21,32,37,8,
Monday 7/11/2022,4,26,34,37,52,9,2
Monday 7/11/2022 - Double Play,16,25,38,62,67,5,
Saturday 7/9/2022,14,22,42,46,52,24,3
Saturday 7/9/2022 - Double Play,14,23,24,57,65,18,
Wednesday 7/6/2022,32,36,49,62,69,13,2
Wednesday 7/6/2022 - Double Play,2,5,20,26,31,13,
Monday 7/4/2022,15,16,24,31,56,4,2
Monday 7/4/2022 - Double Play,9,41,55,57,60,5,
Saturday 7/2/2022,9,10,37,59,62,26,3
Saturday 7/2/2022 - Double Play,4,7,22,57,59,24,
Wednesday 6/29/2022,8,40,49,58,63,14,3
Wednesday 6/29/2022 - Double Play,11,26,28,34,60,5,
Monday 6/27/2022,11,13,18,30,37,16,3
Monday 6/27/2022 - Double Play,34,47,53,57,68,2,
Saturday 6/25/2022,6,12,20,27,32,4,3
Saturday 6/25/2022 - Double Play,16,46,58,63,69,18,
Wednesday 6/22/2022,6,10,31,48,56,12,3
Wednesday 6/22/2022 - Double Play,7,31,39,51,53,21,
Monday 6/20/2022,3,44,61,63,69,13,2
Monday 6/20/2022 - Double Play,4,26,27,43,56,18,
Saturday 6/18/2022,10,19,40,45,58,25,2
Saturday 6/18/2022 - Double Play,7,18,23,30,53,3,
Wednesday 6/15/2022,19,28,41,42,51,7,2
Wednesday 6/15/2022 - Double Play,3,44,47,48,67,11,
Monday 6/13/2022,2,27,42,44,51,25,2
Monday 6/13/2022 - Double Play,8,20,35,48,67,15,
Saturday 6/11/2022,18,20,26,53,69,5,2
Saturday 6/11/2022 - Double Play,1,32,46,56,65,23,
Wednesday 6/8/2022,22,39,43,62,64,7,4
Wednesday 6/8/2022 - Double Play,23,49,51,58,65,12,
Monday 6/6/2022,2,10,35,44,46,4,2
Monday 6/6/2022 - Double Play,1,10,36,53,61,21,
Saturday 6/4/2022,14,16,36,52,60,16,3
Saturday 6/4/2022 - Double Play,11,39,41,55,61,10,
Wednesday 6/1/2022,11,41,56,57,63,2,2
Wednesday 6/1/2022 - Double Play,9,20,22,39,47,10,
Monday 5/30/2022,27,28,51,68,69,22,2
Monday 5/30/2022 - Double Play,11,13,22,44,51,15,
Saturday 5/28/2022,2,39,50,61,66,15,2
Saturday 5/28/2022 - Double Play,11,34,52,61,69,24,
Wednesday 5/25/2022,19,28,39,42,57,17,3
Wednesday 5/25/2022 - Double Play,3,16,20,33,45,11,
Monday 5/23/2022,1,33,37,39,42,26,2
Monday 5/23/2022 - Double Play,33,45,60,62,65,2,
Saturday 5/21/2022,14,15,25,52,58,11,2
Saturday 5/21/2022 - Double Play,16,20,35,54,69,15,
Wednesday 5/18/2022,40,41,58,64,65,17,3
Wednesday 5/18/2022 - Double Play,9,27,41,59,64,21,
Monday 5/16/2022,7,15,22,36,64,13,2
Monday 5/16/2022 - Double Play,7,12,34,35,67,26,
Saturday 5/14/2022,6,40,41,45,52,9,3
Saturday 5/14/2022 - Double Play,23,36,41,42,65,14,
Wednesday 5/11/2022,5,7,61,63,69,18,2
Wednesday 5/11/2022 - Double Play,2,24,34,42,54,11,
Monday 5/9/2022,18,30,35,52,56,5,2
Monday 5/9/2022 - Double Play,3,42,45,57,67,2,
Saturday 5/7/2022,4,5,6,28,67,10,2
Saturday 5/7/2022 - Double Play,14,22,38,56,60,17,
Wednesday 5/4/2022,37,39,55,63,69,23,2
Wednesday 5/4/2022 - Double Play,6,31,39,44,46,26,
Monday 5/2/2022,18,27,33,39,44,8,5
Monday 5/2/2022 - Double Play,6,23,29,37,65,12,
Saturday 4/30/2022,14,21,37,44,63,1,3
Saturday 4/30/2022 - Double Play,11,30,48,56,69,20,
Wednesday 4/27/2022,11,36,61,62,68,4,2
Wednesday 4/27/2022 - Double Play,1,12,35,38,50,10,
Monday 4/25/2022,12,18,20,39,61,10,2
Monday 4/25/2022 - Double Play,14,23,29,38,43,20,
Saturday 4/23/2022,10,39,47,49,56,8,3
Saturday 4/23/2022 - Double Play,2,30,39,54,63,17,
Wednesday 4/20/2022,20,30,45,55,56,14,2
Wednesday 4/20/2022 - Double Play,4,15,16,21,52,20,
Monday 4/18/2022,8,33,55,59,62,18,2
Monday 4/18/2022 - Double Play,12,17,29,65,66,7,
Saturday 4/16/2022,15,21,32,62,65,26,5
Saturday 4/16/2022 - Double Play,33,40,47,55,64,5,
Wednesday 4/13/2022,14,16,41,63,68,26,2
Wednesday 4/13/2022 - Double Play,17,51,54,55,58,19,
Monday 4/11/2022,5,7,24,31,34,4,2
Monday 4/11/2022 - Double Play,18,20,24,29,47,12,
Saturday 4/9/2022,6,16,31,62,66,18,2
Saturday 4/9/2022 - Double Play,3,5,35,48,67,5,
Wednesday 4/6/2022,6,42,45,47,64,18,3
Wednesday 4/6/2022 - Double Play,4,29,56,57,58,2,
Monday 4/4/2022,2,32,39,46,69,6,2
Monday 4/4/2022 - Double Play,6,49,55,58,59,15,
Saturday 4/2/2022,6,28,47,58,59,18,2
Saturday 4/2/2022 - Double Play,6,7,41,57,61,14,
Wednesday 3/30/2022,3,7,21,31,37,11,3
Wednesday 3/30/2022 - Double Play,1,24,44,48,52,22,
Monday 3/28/2022,11,18,39,58,62,3,2
Monday 3/28/2022 - Double Play,23,32,36,51,59,9,
Saturday 3/26/2022,2,10,50,59,61,6,3
Saturday 3/26/2022 - Double Play,18,39,40,55,60,25,
Wednesday 3/23/2022,31,32,37,38,48,24,2
Wednesday 3/23/2022 - Double Play,15,18,24,26,62,1,
Monday 3/21/2022,1,15,26,63,65,16,2
Monday 3/21/2022 - Double Play,14,17,25,51,57,24,
Saturday 3/19/2022,8,9,18,48,52,6,2
Saturday 3/19/2022 - Double Play,27,31,53,57,68,3,
Wednesday 3/16/2022,3,28,34,35,58,17,2
Wednesday 3/16/2022 - Double Play,15,22,48,50,67,16,
Monday 3/14/2022,21,28,32,44,49,6,3
Monday 3/14/2022 - Double Play,7,8,11,19,40,6,
Saturday 3/12/2022,19,20,37,39,61,8,2
Saturday 3/12/2022 - Double Play,4,16,40,49,50,15,
Wednesday 3/9/2022,13,22,34,51,67,10,2
Wednesday 3/9/2022 - Double Play,8,9,43,45,63,4,
Monday 3/7/2022,10,43,55,59,67,2,3
Monday 3/7/2022 - Double Play,17,24,26,41,43,26,
Saturday 3/5/2022,8,23,37,52,63,13,2
Saturday 3/5/2022 - Double Play,2,25,32,33,50,12,
Wednesday 3/2/2022,19,37,48,61,63,12,2
Wednesday 3/2/2022 - Double Play,1,7,10,32,56,13,
Monday 2/28/2022,7,21,39,47,55,19,2
Monday 2/28/2022 - Double Play,11,16,28,44,51,16,
Saturday 2/26/2022,15,32,36,48,64,19,3
Saturday 2/26/2022 - Double Play,22,25,58,62,64,18,
Wednesday 2/23/2022,6,17,21,35,64,18,2
Wednesday 2/23/2022 - Double Play,7,11,19,34,59,14,
Monday 2/21/2022,2,36,37,45,69,3,2
Monday 2/21/2022 - Double Play,22,23,29,39,43,18,
Saturday 2/19/2022,3,10,15,33,42,11,2
Saturday 2/19/2022 - Double Play,21,22,30,41,67,3,
Wednesday 2/16/2022,22,30,40,42,48,16,2
Wednesday 2/16/2022 - Double Play,18,25,28,30,38,10,
Monday 2/14/2022,16,25,27,49,55,17,3
Monday 2/14/2022 - Double Play,1,5,35,37,49,11,
Saturday 2/12/2022,8,10,21,41,62,7,3
Saturday 2/12/2022 - Double Play,4,6,15,53,61,23,
Wednesday 2/9/2022,2,17,33,51,63,26,2
Wednesday 2/9/2022 - Double Play,21,36,42,47,68,3,
Monday 2/7/2022,5,15,38,47,65,10,3
Monday 2/7/2022 - Double Play,9,20,27,47,55,14,
Saturday 2/5/2022,5,16,27,39,61,24,2
Saturday 2/5/2022 - Double Play,13,17,24,44,52,17,
Wednesday 2/2/2022,18,29,33,62,63,15,3
Wednesday 2/2/2022 - Double Play,12,39,55,66,67,16,
Monday 1/31/2022,10,15,51,61,69,14,3
Monday 1/31/2022 - Double Play,28,31,33,38,61,5,
Saturday 1/29/2022,2,15,38,54,65,11,4
Saturday 1/29/2022 - Double Play,18,35,39,53,69,5,
Wednesday 1/26/2022,4,11,38,49,69,16,3
Wednesday 1/26/2022 - Double Play,10,27,40,43,45,25,
Monday 1/24/2022,11,29,30,47,53,16,3
Monday 1/24/2022 - Double Play,1,20,22,23,33,18,
Saturday 1/22/2022,8,14,33,36,67,17,2
Saturday 1/22/2022 - Double Play,2,10,30,45,47,21,
Wednesday 1/19/2022,11,15,43,55,61,10,3
Wednesday 1/19/2022 - Double Play,24,25,35,59,63,11,
Monday 1/17/2022,9,24,35,46,65,22,2
Monday 1/17/2022 - Double Play,7,19,33,38,64,22,
Saturday 1/15/2022,3,18,37,51,59,13,2
Saturday 1/15/2022 - Double Play,7,16,24,53,62,24,
Wednesday 1/12/2022,12,21,22,30,33,24,4
Wednesday 1/12/2022 - Double Play,14,25,50,53,66,2,
Monday 1/10/2022,14,17,18,21,27,9,2
Monday 1/10/2022 - Double Play,11,28,47,59,68,23,
Saturday 1/8/2022,20,21,36,60,65,13,10
Saturday 1/8/2022 - Double Play,31,48,50,54,66,20,
Wednesday 1/5/2022,6,14,25,33,46,17,2
Wednesday 1/5/2022 - Double Play,23,41,56,62,65,4,
Monday 1/3/2022,2,13,32,33,48,22,2
Monday 1/3/2022 - Double Play,4,19,26,64,65,16,
Saturday 1/1/2022,6,12,39,48,50,7,2
Saturday 1/1/2022 - Double Play,4,6,7,10,30,9,
Wednesday 12/29/2021,2,6,9,33,39,11,2
Wednesday 12/29/2021 - Double Play,43,51,53,63,68,5,
Monday 12/27/2021,36,38,45,62,64,19,2
Monday 12/27/2021 - Double Play,6,11,23,24,40,9,
Saturday 12/25/2021,27,29,45,55,58,2,3
Saturday 12/25/2021 - Double Play,1,15,28,48,51,26,
Wednesday 12/22/2021,7,16,19,48,68,15,2
Wednesday 12/22/2021 - Double Play,4,25,49,59,61,11,
Monday 12/20/2021,2,13,23,34,66,2,4
Monday 12/20/2021 - Double Play,8,26,36,37,47,19,
Saturday 12/18/2021,2,6,24,51,61,1,2
Saturday 12/18/2021 - Double Play,9,16,37,57,66,11,
Wednesday 12/15/2021,19,20,40,42,59,15,3
Wednesday 12/15/2021 - Double Play,11,21,22,50,58,2,
Monday 12/13/2021,10,30,37,53,59,4,2
Monday 12/13/2021 - Double Play,18,25,28,41,53,13,
Saturday 12/11/2021,3,25,44,53,64,10,2
Saturday 12/11/2021 - Double Play,10,20,28,46,62,25,
Wednesday 12/8/2021,3,7,33,50,69,24,2
Wednesday 12/8/2021 - Double Play,2,9,51,63,68,15,
Monday 12/6/2021,3,21,38,50,59,6,3
Monday 12/6/2021 - Double Play,8,15,27,55,66,17,
Saturday 12/4/2021,10,40,45,56,67,2,2
Saturday 12/4/2021 - Double Play,6,19,36,46,59,8,
Wednesday 12/1/2021,12,15,38,57,63,24,2
Wednesday 12/1/2021 - Double Play,2,25,34,58,59,26,
Monday 11/29/2021,18,26,28,38,47,17,2
Monday 11/29/2021 - Double Play,1,31,59,67,68,14,
Saturday 11/27/2021,8,32,55,64,66,10,2
Saturday 11/27/2021 - Double Play,7,11,19,31,58,14,
Wednesday 11/24/2021,10,16,32,63,65,17,2
Wednesday 11/24/2021 - Double Play,1,18,23,25,61,17,
Monday 11/22/2021,7,20,29,38,67,22,2
Monday 11/22/2021 - Double Play,7,22,27,39,50,4,
Saturday 11/20/2021,40,43,48,59,69,19,3
Saturday 11/20/2021 - Double Play,3,24,37,44,46,19,
Wednesday 11/17/2021,3,16,48,52,60,1,3
Wednesday 11/17/2021 - Double Play,32,44,46,55,68,22,
Monday 11/15/2021,5,31,34,51,53,23,2
Monday 11/15/2021 - Double Play,1,6,10,52,64,18,
Saturday 11/13/2021,8,15,26,35,45,9,3
Saturday 11/13/2021 - Double Play,13,16,28,37,60,7,
Wednesday 11/10/2021,19,25,43,46,48,14,2
Wednesday 11/10/2021 - Double Play,10,31,49,58,67,4,
Monday 11/8/2021,21,46,47,57,62,8,3
Monday 11/8/2021 - Double Play,5,6,15,22,51,19,
Saturday 11/6/2021,8,30,48,57,64,9,2
Saturday 11/6/2021 - Double Play,5,23,27,52,55,9,
Wednesday 11/3/2021,1,2,24,50,57,26,2
Wednesday 11/3/2021 - Double Play,10,22,24,37,47,2,
Monday 11/1/2021,9,25,34,44,45,8,3
Monday 11/1/2021 - Double Play,15,37,43,44,50,2,
Saturday 10/30/2021,5,23,28,43,56,19,2
Saturday 10/30/2021 - Double Play,26,29,35,39,46,11,
Wednesday 10/27/2021,3,6,26,35,51,17,4
Wednesday 10/27/2021 - Double Play,9,17,21,26,35,6,
Monday 10/25/2021,10,27,29,44,58,24,2
Monday 10/25/2021 - Double Play,1,26,29,46,67,13,
Saturday 10/23/2021,10,30,51,57,63,20,2
Saturday 10/23/2021 - Double Play,3,8,10,11,33,7,
Wednesday 10/20/2021,7,29,36,41,43,5,2
Wednesday 10/20/2021 - Double Play,1,4,31,37,64,24,
Monday 10/18/2021,30,32,48,53,63,12,2
Monday 10/18/2021 - Double Play,2,19,21,62,66,7,
Saturday 10/16/2021,30,31,41,42,48,3,3
Saturday 10/16/2021 - Double Play,26,33,42,44,45,20,
Wednesday 10/13/2021,23,29,47,59,60,15,2
Wednesday 10/13/2021 - Double Play,10,34,37,58,60,7,
Monday 10/11/2021,11,20,33,39,65,24,3
Monday 10/11/2021 - Double Play,9,39,44,49,60,12,
Saturday 10/9/2021,12,17,30,45,62,5,2
Saturday 10/9/2021 - Double Play,1,26,37,38,62,17,
Wednesday 10/6/2021,1,17,52,58,64,1,10
Wednesday 10/6/2021 - Double Play,1,5,17,22,30,4,
Monday 10/4/2021,12,22,54,66,69,15,2
Monday 10/4/2021 - Double Play,4,13,18,61,63,17,
Saturday 10/2/2021,28,38,42,47,52,1,2
Saturday 10/2/2021 - Double Play,6,12,39,58,61,22,
Wednesday 9/29/2021,2,7,11,17,32,11,3
Wednesday 9/29/2021 - Double Play,3,19,29,50,58,3,
Monday 9/27/2021,21,22,39,44,60,12,2
Monday 9/27/2021 - Double Play,2,27,51,62,66,1,
Saturday 9/25/2021,22,23,37,62,63,19,3
Saturday 9/25/2021 - Double Play,14,18,27,31,56,2,
Wednesday 9/22/2021,20,40,47,55,63,5,3
Wednesday 9/22/2021 - Double Play,6,7,36,41,59,7,
Monday 9/20/2021,37,51,54,58,60,19,2
Monday 9/20/2021 - Double Play,6,12,49,58,67,7,
Saturday 9/18/2021,5,36,39,45,57,11,2
Saturday 9/18/2021 - Double Play,1,11,17,20,42,20,
Wednesday 9/15/2021,1,4,18,46,62,25,3
Wednesday 9/15/2021 - Double Play,5,34,36,38,57,7,
Monday 9/13/2021,37,40,50,61,63,21,3
Monday 9/13/2021 - Double Play,15,29,32,35,56,9,
Saturday 9/11/2021,20,31,38,40,49,21,2
Saturday 9/11/2021 - Double Play,7,39,54,64,67,11,
Wednesday 9/8/2021,9,22,41,47,61,21,2
Wednesday 9/8/2021 - Double Play,5,33,40,50,59,6,
Monday 9/6/2021,11,20,22,33,54,24,2
Monday 9/6/2021 - Double Play,5,10,31,38,43,20,
Saturday 9/4/2021,32,35,40,52,54,1,5
Saturday 9/4/2021 - Double Play,4,40,42,49,54,24,
Wednesday 9/1/2021,10,20,29,48,51,17,2
Wednesday 9/1/2021 - Double Play,23,35,45,59,63,24,
Monday 8/30/2021,3,15,45,51,61,8,2
Monday 8/30/2021 - Double Play,18,27,42,43,47,13,
Saturday 8/28/2021,12,22,26,46,59,26,2
Saturday 8/28/2021 - Double Play,6,13,41,47,48,10,
Wednesday 8/25/2021,27,39,54,56,59,24,3
Wednesday 8/25/2021 - Double Play,19,31,41,51,53,25,
Monday 8/23/2021,17,36,47,60,61,15,3
Monday 8/23/2021 - Double Play,3,28,34,39,63,25,
